Gene_Name	HDBSCAN	Gene_function	Species_name	Status	Taxonomy	Seq
A0A7W1DFF4_9ACTN	2	Lincosamide nucleotidyltransferase Lnu(F)	Rubrobacteraceae bacterium	Unreviewed	Bacteria;Actinomycetota;Rubrobacteria;Rubrobacterales;Rubrobacteraceae	MIERTRRVCREDERLAAAMMYGSFAQGEGDGFSDIEFILFFRDEDLEGLDQEEWVSRISPVGLYFVNEYGNGTAIFENLVRGEFHFDRASEIERVVGESMRDADWLPSLEDTLVLDRTGELVPRLREIVGPPPERDTLGQIRFVCDCFVNWFVFGSNLFARGELARSLDLLGIVRDRLLQMVRVLEGSTLHWFNSSKFLETEISETSYARYVACTASLDRDELQQAYLSAWGWGRELMSSLGESRGLTLPATLLRRLDRRFAEIFSGAGLEGP
J2P112_9BACL	5	Nucleotidyltransferase	Brevibacillus sp. BC25	Unreviewed	Bacteria;Bacillota;Bacilli;Bacillales;Paenibacillaceae;Brevibacillus	MLKQKQIIEAVQEACKQDEQVTSCMMYGSFTKGEGDQYSDVEFYIFIEDSSFETFSSKQWVANVAPYDLMFFNEYGTEVVIFSNLIRGEFHFLPASKLEIIKSFKPTGVFPDLDSMFIYDNTGMLRECLDYIGGKGPERMTDENVTFAFHNFVNAWLLGINVLRRGELARSLEVLAYVQKYMLQLLRINEQNVERWLNSTKNLERDLSPEAYEDYALITARLRKDELEQAYRHALMLADKLRKQLEPHYVFDLDVKMIGKLRDYLSQIE
A0A3N6B213_9BACI	5	Lincosamide nucleotidyltransferase	Priestia endophytica	Unreviewed	Bacteria;Bacillota;Bacilli;Bacillales;Bacillaceae;Priestia	MLIQKKIIQNVKDKCIEDESVSACMMYGSFTKGEGDQYSDVEFYIFIRDYDINYFNSRHWISEVNAADLIFYNEYGTEVAIFSNMIRGEFHFLPESKMEIIKSFKSTGVFPNPESMYIYDSTEQLQSLLEGLGGSGPERMTDKNVNFAFNNFVNAWLMGVNVMKRGELARSLEVLIQVQKYILQLIRVKEKTVERWLNSTKNLEADISIESYNDYVSITAKLRECELKTAYKNALKMVEKLYSNLGAFYMVDINQDFIKKLYIHLNK
A0A9Q2WXL6_VIRPA	5	Nucleotidyltransferase	Virgibacillus pantothenticus	Unreviewed	Bacteria;Bacillota;Bacilli;Bacillales;Bacillaceae;Virgibacillus	MLIQNIIIQTVREKCIEDELVSACMMYGSFTKGEGDQYSDVEFYIFIEDDEIENFSSRHWVSEVYPVDLIFYNEYGTEVVIFSNMIRGEFHFLPVSKIEVIKSFKPTGVFPDTESMYIYDSTEQLKPLLDDLGGAGPDRMTDENVNFAFNNFVNAWMMGVNVMKRGELARSLEALTHVQKFILQLIRVKENTVERWLNSTKNLEEDISTESYKDYVSVTSKLKENEMKTAYKNALNIVEVLNEMLSSLYMVDVDKDLISKLYSYLYE
A0A0D1W843_ANEMI	5	Lincosamide nucleotidyltransferase	Aneurinibacillus migulanus (Bacillus migulanus)	Unreviewed	Bacteria;Bacillota;Bacilli;Bacillales;Paenibacillaceae;Aneurinibacillus;group;Aneurinibacillus	MLVQEKLIKMIKEKCEDDPSISACMMYGSFTKGEGDKYSDVEFYIFLKNEWIQQFKSQNWISDIAPYDLLFFNEYETEVVVFSNLIRGEFHFLPESDIEVIRSFKDTGVFPDTESMFLYDTTGKLKACLDYLKGEGPERMTDDNVNFAFNNFVNAWLMGVNVLNRGELARSLECLSYVQQYVLRLLRVRENTVDRWLNATKNLESDLSIEAYNKYTLITSKLDAIELRSAYLNALNVIEDLARVLDNDYKFDINLVFLKKLHSHIASNS
A0A7T1X6D2_STRMG	7	Lincosamide nucleotidyltransferase	Streptococcus mutans	Unreviewed	Bacteria;Bacillota;Bacilli;Lactobacillales;Streptococcaceae;Streptococcus	MLKQKELIANVKNLTESDERITACMMYGSFTKGEGDQYSDIEFYIFLKDSITSNFDSSNWLFDVAPYLMLYKNEYGTEVVIFDNLIRGEFHFLSEKDMNIIPSFKDSGYIPDTKAMLIYDETGQLENYLSEISGARPNRLTEENANFLLCNFSNLWLMGINVLKRGEYARSLELLSQLQKNTLQLIRMAEKNADNWLNMSKNLEKEISLENYKKFAKTTARLDKVELFEAYKNSLLLVMDLQSHLIEQYNLKVTHDILERLLNYISE
WP_002294514.1_LnuB_Bacteria	7	REFERENCE SEQUENCE	REFERENCE SEQUENCE	REFERENCE SEQUENCE	REFERENCE SEQUENCE	MLKQKELIANVKNLTESDERITACMMYGSFTKGEGDQYSDIEFYIFLKDSITSNFDSSNWLFDVAPYLMLYKNEYGTEVVIFDNLIRGEFHFLSEKDMNIIPSFKDSGYIPDTKAMLIYDETGQLENYLSEISGARPNRLTEENANFLLCNFSNLWLMGINVLKRGEYARSLELLSQLQKNTLQLIRMAEKNADNWLNMSKNLEKEISLENYKKFAKTTARLDKVELFEAYKNSLLLVMDLQSHLIEQYNLKVTHDILERLLNYISE
A0A6I2GDZ9_9LACT	6	Lincosamide nucleotidyltransferase Lnu(G)	Fundicoccus ignavus	Unreviewed	Bacteria;Bacillota;Bacilli;Lactobacillales;Aerococcaceae;Fundicoccus	MLKQKELMARVKELVQSDERISACMMYGSFTKGEGDQYSDIEYYVFLKDDTISTFDSAKWLNEVASYHLLYQNEYGTEVVIFENLIRGEFHFLSESEMNIIPSFKESGYIPDTKAMFIYDETGQLELYLSGLEGSGPNRLTEENVNFLLNNFSNLWLMGINVLKRGEYARSLEILSQLQKNILQLIRIAEENADNWFNMTKNLEKEISPENYEKFKKTTARLNELELYEAYKNSLLLVMEFRNLVEKQYQLTVSNEFFEKLLHYMNE
WP_002333496.1_LnuG_Bacteria	6	REFERENCE SEQUENCE	REFERENCE SEQUENCE	REFERENCE SEQUENCE	REFERENCE SEQUENCE	MLKQKELMARVKELVQSDERISACMMYGSFTKGEGDQYSDIEYYVFLKDDTISTFDSAKWLNEVASYTLLYQNEYGTEVVIFENLIRGEFHFLSENEMNIIPSFKESGYIPDTKAMFIYDETGQLELYLSELEGPGPNRLTEENVNFLLNNFSNLWLMGINVLKRGENARSLELLSQLQKNILQLIRIAEENADNWFNMTKNLEKEISPENYEKFKKTTARLNELELYEAYKNSLLLVMELRNLVEKQYQLTISDDFLGKLFNYMNE
A0A1U7MB67_9FIRM	-1	Lincosamide nucleotidyltransferase	Sporomusa sphaeroides DSM 2875	Unreviewed	Bacteria;Bacillota;Negativicutes;Selenomonadales;Sporomusaceae;Sporomusa	MLLQEQLIMKVKELGGQTPGVNAIMMYGSFTQGSGDAFSDIEFYIFIEDESYKSFSSKAWVAGICPFYIHLVNEFGTEVFIFENLVRGEFHFLPVTDMPIIETFAAVGFFPDVNAMCLYDKNNTLKQHLSVLKNSMIERNSAESIESVINNYFNAILFGINVLKRGETARSLECLWYVQKYYLQLIRLEENTTDHWVNPTKCLEAEISAANYQRYQKCTSDLNENNLRSAYKELLFAAREVVGKLSARYSFNYDYELFQRLIDYIEV
A0A1H6MJ73_9FLAO	3	Lincosamide nucleotidyltransferase	Myroides aquimaris	Unreviewed	Bacteria;Bacteroidota;Flavobacteriia;Flavobacteriales;Flavobacteriaceae;Myroides	MTQLQMIDKTKYIAQQDENVSAVFMYGSFTKNEGDKYSDIEFYIFLKNKENFSTEKWVNQIHPLALYFTNEYGSEVAIFENMVRGEFHFLKTEEIEIIKSWDGIVEFSDFDQMNLTDKDGLLTKTLNQIKTKSPERITNENILWLSQSLLNVVLTTSNLIKREEFAHAHHSLSNVQKYLLWLIRARTSKTQHWESPTKSLEKDIDTIWYSEYKKVTSDLNPKNIVLAFENSLNLSEKLFDELNIEPKLKEILHKIR
WP_051021433.1_LnuH_Bacteroidota	3	REFERENCE SEQUENCE	REFERENCE SEQUENCE	REFERENCE SEQUENCE	REFERENCE SEQUENCE	MTQLQMINKTKSIAQQDENVSAVFMYGSFTKSEGDKYSDIEFYIFLKNKENFSSEKWVNQIHPVALYFTNEYGSEVAIFENMVRGEFHFLKTEEIEIIKSWDGIVAFSDFDQMNLIDKDGHLTKTLNQIKTKSPERITNENILWLSQSLLNVILTTSNLIKREEFAHAHHSLSNVQKYLLWLIRARTNKTQHWESPTKSLEKDIDTTWYFAYKTVTSDLNPKNIILAFENSLNLSEKLFDELNIEPKMKEILHEIRKNYR
A0A7Y3V6I2_UNCBA	3	LinF	Bacteroidota bacterium	Unreviewed	Bacteria;Bacteroidota	MINKTKSIAQQDENVSAVFMYGSFTKNEGDKYSDIEFYIFLKTKENFSAEEWVNQVYPVALYFINEYGSEVAIFENMIRGEFHFLKTDEIKIIKSWEGIVAFSDFDQMNLIDKDGLLTETLNQIKVKFPDRTTDENILWLSQSLLNVLLTTNNLIKREEFAHAHQSLTTVQKYLLWLIRTVTNKTQHWESPTKSLEKDIDQDWYSEFILTTSDLNPKNINTAFQNSLKISEKLFDKLNVGLKLKEILKRIE
A0A1I6QJ63_9SPHI	3	Lincosamide nucleotidyltransferase	Sphingobacterium wenxiniae	Unreviewed	Bacteria;Bacteroidota;Sphingobacteriia;Sphingobacteriales;Sphingobacteriaceae;Sphingobacterium	MTQLQMIDTTKSIAQKDKNVSAVLMYGSFTKNEGDQYSDIEFYIFLKNKENFSAEKWVNQIYPTALYFTNEYGSEVAIFENLIRGEFHFLTINEIDVIKSWEGFVAFSDFDQMNIIDKDGLLADTLNQIKTKLPDRTTNENILFLSQSLLNVLLTTSNLIKRKEYAHAYQSLSNVQKYLLWLIRIATNQTHHWESPTKSLEKDIDKDWYSEFKLTTSDLDTGNLKVAFQNSLNLSKKLFDELGVKTDLKRLLNRIE
A0A7W3Z849_9FLAO	3	Aminoglycoside 6-adenylyltransferase	Myroides sp. NP-2	Unreviewed	Bacteria;Bacteroidota;Flavobacteriia;Flavobacteriales;Flavobacteriaceae;Myroides	MIDKTKSIAQNDKNISAVFMYGSFTKNEGDKYSDIEFYIFLKDKENFSAENWVSQIHPLALYFTNEYGSEVAIFENMIRGEFHFLTNDQMEVIKSWDGLVEFSDFDKMILVDKEDLLTNTLKEIKTKVPDRTTNENILWLSQSLLNVLLTTSNLIKRQEFAHAYQSLSNVQKYLLWLIRIETYQTKHWESPTKSLEKDIDPDWYSLFQETTSELDPTDIKTAFKKTLTLTEKLFDNLGVEAKLKGVLRRIE
B3E6E5_TRIL1	2	DNA polymerase beta domain protein region	lovleyi)	Unreviewed	Bacteria;Thermodesulfobacteriota;Desulfuromonadia;Geobacterales;Geobacteraceae;Trichlorobacter	MLQEKMIENIREKCHQDIRVVSALMFGSFATGEGDQYSDIEFAVFIRDDSLNDFDQRSWLNSFSPVAAYFLDDFGHHTALFENGVRGEFHFMRASEQSVVAGWQGYGWFPSLEAAVLLDREGELSQYARLLVGGPPKREGAELVEGLSLNLINLMLFGANLLNRGEYARAWALLGKAHENLLKLARLHEGETDHWPTPSRGLEIDLSGNAYRRYLTCTASAERVPLCRAYCESWRWSRELIEAVVRPHNIELPQSVMAQLEILLDNVTADPNPNP
A0A6X8MCW8_SALET	2	Lincosamide nucleotidyltransferase Lnu(F)	Salmonella enterica subsp. enterica serovar Mbandaka	Unreviewed	Bacteria;Pseudomonadota;Gammaproteobacteria;Enterobacterales;Enterobacteriaceae;Salmonella	MLQQKMIERFKEACHEDARIIAALMFGSFAIGEGDEFSDIEFAVFIQNDHFENFDQRSWLNAVSPVAAYFPDDFGHHTALFENGIRGEFHFMRKSDIPVISTWQGYGWFPSLEEAVLLDRSGELSRYASALVGSPPKREGAPLVEGLVLNLISLMLFGANLLNRGEYARAWALLSKAHENLLKLVRLHEGATDHWPTPSRALEKDVSEDSYNRYLACTGSAEPKALCVAYHETWKWSLELFRSVAGPLNIELPRIVIAQTKRLLNESATPHNK
WP_063851344.1_LnuF_Escherichia_coli	2	REFERENCE SEQUENCE	REFERENCE SEQUENCE	REFERENCE SEQUENCE	REFERENCE SEQUENCE	MLQQKMIERFKEACHEDARIIAALMFGSFAIGEGDEFSDIEFAVFIQNNHFENFDQRSWLNAVSPVAAYFPDDFGHHTALFENGIRGEFHFMRKSDIPVISTWQGYGWFPSLEEAVLLDRSGELSRYASALVGSPPKREGAPLVEGLVLNLISLMLFGANLLNRGEYARAWALLSKAHENLLKLVRLHEGATDHWPTPSRALEKDVSEDSYNRYLACTGSAEPKALCVAYHETWKWSLELFRSVAGPLNIELPRIVIAQTKRLLNESATPHNK
WP_000939727.1_LnuF_Gammaproteobacteria	2	REFERENCE SEQUENCE	REFERENCE SEQUENCE	REFERENCE SEQUENCE	REFERENCE SEQUENCE	MLQLKMIELFKEGCHEDARIIAALMFGSFAIGEGDEFSDIEFAVFIQDDHFENFDQRSWLNAVSPVAAYFPDDFGHHTALFENGIRGEFHFMRKSDIPVISTWQGYGWFPSLEAAVLLDRSGELSRYASALVGGPPIREGAPLVEGLVLNLISLMLFGANLLNRGEYARAWALLSKAHENLLKLVRLHEGATDHWPTPSRALEKDISEDSYNRYLACTSSAEPRALCAAYHQTWTWSLELFKSVTEPLNIELPRTVIAQAKRLLNESATPHNK
WP_070342367.1_LnuF_Morganellaceae	2	REFERENCE SEQUENCE	REFERENCE SEQUENCE	REFERENCE SEQUENCE	REFERENCE SEQUENCE	MLQLKMIELFKEGCHEDARIIATLMFGSFAIGEGDEFSDIEFAVFIQDDHFENFDQRSWLNAVSPVAAYFPDDFGHHTALFENGIRGEFHFMRKSDIPVISTWQGYGWFPSLEAAVLLDRSGELSRYASALVGDPPIREGAPLVEGLVLNLISLMLFGANLLNRGEYARAWALLSKAHENLLKLIRLDERATDHWPTPSRALEKDISADSYNRYLACTSSAEPRALCVAYRETWKWSLELYKSVAEPLNIPLPRTVITQAKRLLNESATPHNK
A0A7C9RN26_9PSEU	0	Lincosamide nucleotidyltransferase	Lentzea alba	Unreviewed	Bacteria;Actinomycetota;Actinomycetes;Pseudonocardiales;Pseudonocardiaceae;Lentzea	MLFQEELIGRVREKCATDEGLDAALMYGSFAAGEADEHSDIEFWLFFTPQRHAEIDPHSWCADIAPISYGLLNEFGSYVAFFPGLVRGEFHFATVDEIAGVAEWPARGAAVERMLMVDRRGALAPVLRGLPQRYVPPVDSPEIIAKYCDPFANWLVLAHHLAARGEDLRAWDALGHAQRHLLWMARLAEESTAHWLTPSRGAERELSAEMVAGLRAATSAASPQELTEALRAALELGRRLWPVIAARFGRDAPTALFAELDASLSA
A0A1G9D356_9PSEU	0	Lincosamide nucleotidyltransferase	Lentzea albidocapillata subsp. violacea	Unreviewed	Bacteria;Actinomycetota;Actinomycetes;Pseudonocardiales;Pseudonocardiaceae;Lentzea	MRVLYQEELIERVREVCAADDGLDAALMYGSFAAGEADEHSDIEFWLFFTTRRRAEIEPRSWCAGIAPTSYGLLNEFGTYVAFFPGLVRGEFHFATVDEIATVAEWPARGAEVERMLMVDRRGALAPMLRGLPQRYVPPVDSPEVITKYCDPFVNWLVLAHHLAARGEDLRAWDALGHAQRHLLWMARLAEESTAHWLTPSRGAERELSAETAAELRAATSAASPQEALRAALELGRRLWPVIATRYGLSAPTALFAELDAALRNPRV
A0A3N4S180_9ACTN	0	Lincosamide nucleotidyltransferase	Kitasatospora niigatensis	Unreviewed	Bacteria;Actinomycetota;Actinomycetes;Kitasatosporales;Streptomycetaceae;Kitasatospora	MLYQEELITRVRAACEADPGLDAALMYGSFAAGEADAHSDIEFWLFFTPERRTEIDPTAWCSAIAPTSHVLLNEFGSHVAFFPGLVRGEFHFTTADEIPTVATWPARGATTDRMLLVDRSGALAPVLDSLPLRYVPDLDNPGIIAEYCDPLANWLVLTHHLTARGEHLRAWDALGHAHRHLLWMARLAENSTTHWLTPSRAAERELSPTTTAELRTTTAPATPQALTAALRAATVLGERLWTTIAAHHGRRPPTALFAELKAALESADS
A0A7K2IVB8_9ACTN	-1	Nucleotidyltransferase domain-containing protein	Nocardiopsis alba	Unreviewed	Bacteria;Actinomycetota;Actinomycetes;Streptosporangiales;Nocardiopsaceae;Nocardiopsis	MPRPAIALDRRIARLREIAEAEPRLEGVLLYGSWTQGEADAHSDIEAYLYVADEHAASFDGTEFVSRLAPLELAYTNLFGILAVIFDDLMRGEFHIEAAGSAIPEIASWKGMIHLPSPETAVLLDRTGRLTEAVRPLVEPVVPDPAPTAERLIGELANWTLMTGQVLARGEYARAHAGLAVMVAPHQLKLARLLHGSTDHWLTPSRALEADLPGDVVERYGRTTGTTDPEEVRRTVRESWTWSRELAREAADRWGISIPEGPHERITGFLDRL
A0A4V2D2Q6_9ACTN	1	DNA polymerase subunit beta	Streptomyces sp. SCA2-2	Unreviewed	Bacteria;Actinomycetota;Actinomycetes;Kitasatosporales;Streptomycetaceae;Streptomyces	MSRTSAPRPSASPALDARVALLRQAAQAEPRLEGVLLYGSWTTGEADAYSDIEAYLFLGDGDAGTFDGPGFLRALGPLALAHTNQFGILAVVFADDLMRGEFHFEEAGAGIAAVEGWQGMVHLPDPVAAVLLDRTGRLTEAAARLTAPLAPEPVESAAHLTGELANWTLMLAHLLARREDARAHNLLHAMVAPLQLKLCRLLRGTTGHWLTPSRAAEQDLPAADLARYTATTAPLEATALRDAARASWQWSRELAAEAHGRWGTPVPDALHERIAGLLARD
A0A7G7C5W6_9ACTN	1	Nucleotidyltransferase domain-containing protein	Streptomyces rutgersensis	Unreviewed	Bacteria;Actinomycetota;Actinomycetes;Kitasatosporales;Streptomycetaceae;Streptomyces;Streptomyces;diastaticus;group	MPRTPAPRPSASPALDARVARLRQAAHAEPRLEGVLLYGSWTTGEADAHSDIEAYLFLDDGHAGTFDGPGFLRALGPLALAHTNQFGVLAVVFDDDLMRGEFHLEAAGPGIEAVADWRGLVHLPDPAAAVLLDRGGRLAEAAARLAAPLAPEPAKTAPHLTGELANWTLMLAHLLARREDARAHNLLHARVSPLQLQLCRLLRGTTDHWLTPSRAAERDLPAADLDRYTATTARLEAAGLRAAARASWQWSRELAAEAHGRWGTPVPQGLHARIAGLLDRD
A0A2A2Z709_9ACTN	10	DNA polymerase subunit beta	Streptomyces sp. SA15	Unreviewed	Bacteria;Actinomycetota;Actinomycetes;Kitasatosporales;Streptomycetaceae;Streptomyces	MSSRSACPALDDRIARLREIARSEPRLEGVLLYGSWTLGEADAHSDIEAYLYVQDKHVDDFDGPAFLERLAPLELAYTNMHGILAVVFDDLMRGEFHITAAGPGIDEVPAWEGVVHLPRPESAVLLDRTGRLTRAARHLAAFRPPEPATTAQQLTHELANWTLMLAHVLARGEVARAHAVLHIVVVPLQLQLCRLLRGSTVHWLTPSRALEQDLPATDRARYTATTSAALPQELQAAARSSWRWSREMSTEAAERWGIRVPGALHERIGELLAADR
A0A270QPN9_9ACTN	10	DNA polymerase subunit beta	Streptomyces sp. Alain-F2R5	Unreviewed	Bacteria;Actinomycetota;Actinomycetes;Kitasatosporales;Streptomycetaceae;Streptomyces	MSVRSASPALDDRIARLRRLAESEPRLEGVLLYGSWTLGEADAHSDIEAYLYVEDKYLDDFDARAFLEQLAPLELAYTNMYGILAVVFDDLMRGEFHITPAGEGIEEVPTWEGMVHLPRPEAAVLLDRTGRLTRAARRLAEFRPPEPAATAQQLCDELANWTLMLAHVLARGEVARAHNLLHAVVTPLQLKLCRLLRDSTAHWLTPSRALEKDLPAADVDRYTATTAAAREGELRTAARDSWQWSRELSAEAAGRWAARVPEELHQRIADLLAGHRTG
A0A0F7W7S1_9ACTN	10	Lincosamide Nucleotidyltransferase	Streptomyces leeuwenhoekii	Unreviewed	Bacteria;Actinomycetota;Actinomycetes;Kitasatosporales;Streptomycetaceae;Streptomyces	MSHRSASPLLDDRIARLREIARAEPHLEGVLLYGSWTLGEADAHSDIEAYLYVRDDHVDTFDAPAFLARLAPLELAYTNMYGILAVVFDDLMRGEFHITAAGPGIDEVPTWEGMVHLPRPEAAVLLDRTGRLTRAARRLAAFRPPEPVTTAQRLTDELANWTLMLAHVLNRGEIARAHALLHSVIAPQQLQLCRLLRGSTAHWLTPSRALEQDLPASDQDRYTATTSAVRGPEVRTAARNSWSWSRDLSAEAAARWSLRLPEKLHEQISALLAARA
A0A100YAF6_9ACTN	10	DNA polymerase subunit beta	Streptomyces kanasensis	Unreviewed	Bacteria;Actinomycetota;Actinomycetes;Kitasatosporales;Streptomycetaceae;Streptomyces	MSVHSARSALDDRIARLRQLAHADPRLEGVLLYGSWTVGEADAHSDIEAYLYIQDDCLADFDGPGFLAQLAPLQLSYTNMYGVLAVIFDDLMRGEFHLTPAGPGIDEVPTWQGMVHLPRPDDAILLDRTGQLTQAARQLATFQPPEPVTTAQQLTDELTNWTLMLAHVLARGEIARAHALLHTVIAPQQLQLCRLLRNSTAHWLTPSRALEQDLPDTDRHRYASTTATACDQDVRTAARNSWRWSRDLAAEAADRWTIHLPHELHEQISNLLNDPR
A0A7H8NC84_9ACTN	-1	Nucleotidyltransferase domain-containing protein	Streptomyces buecherae	Unreviewed	Bacteria;Actinomycetota;Actinomycetes;Kitasatosporales;Streptomycetaceae;Streptomyces	MSHLSSPSTPPSPSSACSASPALDRRVARLRELAAAEPRLTGVLLYGSWTVGEADAHSDIEAYLYVEDDALAGFDGRAFVERLAPLRLAYTNLYGVLAVVFDDLMRGEFHVVAAGPGIAEIDSWRGMVHLPRPEAAMLLDRDGRLTEAAGGLAAFQPPEPVETAQQLADELANWTLMLAHVLARGETGRAHALLHTVVAPFQLQLCRLLRGSTAHWLTPSRAMEADLPAADLARYRATTAAARLPEVRAAARQSWRWSRELAAEAAARWGTGFAPELHADIAALLAGQEPTG
A0A2W4QKN1_UNCPS	-1	DNA polymerase subunit beta	Pseudomonadota bacterium	Unreviewed	Bacteria;Pseudomonadota	MNGSRALGLKQRIDRLRALAQADARLDGVLLYGSWTMGEADEYSDIEAYLYVKDHQLENFDGRAFVEQIAPLKLGYINMYGILAVIFDDLMRGEFHIVPASTGISEIATWQGLVHLPDPSAAILLDRSGRLAEATACLRQPCRPDPAKTSQQISYELANWTLSLAQILARGEVARAHALMQTTIAPQQLQLCRLLRGTTDHWLTPSRSLERDLPAADQTRYAATTARLDKADVHRAAAESWKWSRQLIDEAAARWRIAVFPVLYDKISLLLATQSTSEG
A0A7U9KQH9_9ACTN	9	DNA polymerase subunit beta	Streptomyces chrestomyceticus JCM 4735	Unreviewed	Bacteria;Actinomycetota;Actinomycetes;Kitasatosporales;Streptomycetaceae;Streptomyces	MPRTPVSSCPALDRRVARLRELAAAEPRLEGVLLYGSWTLGEADAHSDIEAYLYVRDAHADTFDGREFVGRIAPLKLAYTNMYGILAVVFDDLMRGEFHLVAAGPGIDEVPTWRGMVQLPDPGAAVLLDRDGRLTAAARHLADPCPPEPGPTAQQLTDELTKWTLMLAHVLERGETARAHALMHSVVAPQQLQLCRLLRGATTHWLTPSRALEQDLPAADRDRYTATTAPAVLPAVRTAARASWQWSRELAGEAAARWGTEVPTALHEEIGALLAQDGGSCSR
A0A0L8MW02_9ACTN	9	DNA polymerase subunit beta	Streptomyces griseoflavus	Unreviewed	Bacteria;Actinomycetota;Actinomycetes;Kitasatosporales;Streptomycetaceae;Streptomyces	MAHTRHDPASSCPALDRRIARLREAAEAEPRLEGVLLYGSWTLGEADAYSDIEAYLYVRDAHADAFDGVEFAGRLAPLKLAYTNMYGILAVVFDDLMRGEFHVVAAGAGIDEVPTWRGMVQLPDPGAAVLLDRGGRLTAAARRLADPCPPEPGPTAQQLTDELANWTLMLAHVLGRGETARAHALLHTVVAPQQLQLCRLLRGSTTHWLTPSRALEQDLPAADRDRYTATTAPAVLPAVRTAARASWQWSRELAGEAASRWGIRVPAGLHEEIGVLLR
B5GV60_STRCL	-1	LnuF	Streptomyces clavuligerus	Unreviewed	Bacteria;Actinomycetota;Actinomycetes;Kitasatosporales;Streptomycetaceae;Streptomyces	MDRRIDRLRELAAAEPRLDGVLLYGSWTLGEADAHSDIEAYLYVRDEGPCAGSPDDGSPGDGVLGDGSPRAGSPRAGDGTGGTADDAGPAAFDGPAFLGRLAPLKLAYTNMYGVLSVVFDDLMRGEFHIEPAGRGIAGIAGWRGLIHFPEPERAVLLDRTGSLTRAARALADCPPPDPAPTARQLVDELTNWTLMFAHVRARGETARAHALLHTVVAPEQLRLLRLLRGSTAHWLTPSRALETDLPPADIARHTATTSPAHPAGIRTAGLASWHWTRELASAAATRWGITLPVALHDEIAELLAAD
A0A4Y8Y885_9ACTN	8	Nucleotidyltransferase domain-containing protein	Streptomyces sp. 4R-3d	Unreviewed	Bacteria;Actinomycetota;Actinomycetes;Kitasatosporales;Streptomycetaceae;Streptomyces	MPYVSPSPALNRRVERLRTLAAAEPRLDGVLLYGSWTLGESDAHSDIDAYLFVRDADADTFDGREFVGRLAPLKLAHTNMYGILAVVFDDLMRGEFHIDPAGSGIDQISSWEGMVHLPDPGSAVLLDRSGRLTAAARRLAGHRPPEPVSTAQELCDELANWTLMLAHVRARGENARAYNLLHAVVAPLQLKLCRLLRGSTAHWLTPSRALERDLPESDRARHLATTGGARPAEVRSAAMESWRWSRELAAEAAARWGTALPLQLHDEIAELLADGVTRATATSVDKRHP
A0A5C8QBX0_9ACTN	8	Nucleotidyltransferase domain-containing protein	Streptomyces sp. IB2014 016-6	Unreviewed	Bacteria;Actinomycetota;Actinomycetes;Kitasatosporales;Streptomycetaceae;Streptomyces	MSYVSPSPVLNRRVERLRELAGAEPRLEGVLLYGSWTLGESDAHSDIDAYLFVRDADADSFDGRAFVGRIAPLKLAHTNMYGILAVVFDDLMRGEFHIDPAGPGIDLIPSWEGMVHLPDPDSAVLLDRGGRLTAAARRLAEFRPPEPVATAQELCDELANWTLMLAHVRARGETARAYNLLHAVVSPLQLKLCRLLRGSITHWLTPSRALEADLPEADRARHLATTGGARPGELRSAAMESWRWSRDLAAEAAARWGTRLPLRLHDEIAELLADG
A0A0M8TE57_9ACTN	4	DNA polymerase subunit beta	Streptomyces sp. MMG1522	Unreviewed	Bacteria;Actinomycetota;Actinomycetes;Kitasatosporales;Streptomycetaceae;Streptomyces	MPTDALPLARRIELLRTTAEADPRVEGVLLYGSWTLGEADAHSDLDAYLYVREEDVAAFDGREFVERLAPLKLAYTNMYGILAVVFEDLMRGEFHVEPAGTGIAEIAGWRDQIHLPRPEAAVLLDRTGRLTAAARELAALTPPEPVATAQQLTDELANWTLMLAHVRARGEHARAHHLLHAVIAPLQLKLCRLLRGSTAHWLTPSRALEADLPATDVERYATTTGPLTPEAVRTASANSWQWSRDLAAEAAHRWSVRLPSELHEEIARVLSPAG
A0A7K2ZPI6_9ACTN	4	Nucleotidyltransferase domain-containing protein	Streptomyces sp. SID2119	Unreviewed	Bacteria;Actinomycetota;Actinomycetes;Kitasatosporales;Streptomycetaceae;Streptomyces	MPHARSAPAPLPADAQNLRIELLRSTAEADPRIEGVLLYGSWTLGEADAHSDLDACLYVREEDVDAFDGREFVERLAPLKLAYTNMYGILAVVFDDLMRGEFHVEPTGAGIAEITTWRGQVHIPRPETAVLLDRTGRLTAAARELATFRPPDPATTAQQLTDELANWTLMLAHIQTRGETARAHNLLHAVIAPHQLKLCRLLRGSTTHWLTPSRALETDLPVADIERYATTTGPLTPDALRTAAATSWRWSRELAAEAADRWDTLLPLGLHKEIAEALSPGGGPMG
A0A3D8NLA1_9ACTN	4	Nucleotidyltransferase domain-containing protein	Streptomyces sp. IB2014 011-12	Unreviewed	Bacteria;Actinomycetota;Actinomycetes;Kitasatosporales;Streptomycetaceae;Streptomyces	MPAEALNRRIELLRSTAEADHRVEGVLLYGSWTLGEADAHSDLDACLYVREEDVDAFDGREFVERLAPLKLAYTNMYGILAVVFDDLMRGEFHVEPTGPGVAEIATWRGQVHFPRPEAAVLLDRSGHLTAAARDLATFRPPDPATTAQQLTAELANWTLMLAHIQARGEQARAHNLLHAVIAPLQLKLCRLLRGSTTHWLTPSRALEADLPAEDVERYATTTGALTPDALRTAAANSWRWSRELAAEAADRWDTRLPLELHEEIAEALSPGR
A0A2T7LLX7_9ACTN	4	DNA polymerase subunit beta	Streptomyces sp. CS090A	Unreviewed	Bacteria;Actinomycetota;Actinomycetes;Kitasatosporales;Streptomycetaceae;Streptomyces	MPHAHPARTPRTAPTPLPADALNRRIELLRSTAGADPRIEGVLLYGSWTLGEADAHSDLDACLYVREEDVDAFDGREFVERLAPLKLAYTNMYGILAVVFDDLMRGEFHVEPTGPGIAEIATWRGQVHFPRPEAAVLLDRTGHLTAAARDLATFRPPDPATTAQQLTDELANWTLMLAHVQARGEMARAHNLLHAVIAPLQLKLCRLLRGSTTHWLTPSRALETDLPVADVERYATTAGALTPDALRTAAANSWQWSRDLAAEAADRCGTRLPLGLHEEIAVALSPAE
A0A1C4K217_9ACTN	4	Lincosamide nucleotidyltransferase	Streptomyces sp. Termitarium-T10T-6	Unreviewed	Bacteria;Actinomycetota;Actinomycetes;Kitasatosporales;Streptomycetaceae;Streptomyces	MEGVLLYGSWTLGEADAHSDLDACLYVREEDVDAFDGREFVERLAPLKLAYTNMYGILAVVFDDLMRGEFHVEPTGSGIAEIATWRGQVHFPRPEAAVLLDRTGRLTAAARELTAFNPPEPVATAQQLTDELANWTLMLAHVQARGERARAHNLLHAVIAPLQLKLCRLLRGSTAHWLTPSRALEADLSGADVERHATTTGPLTPEAVRTAAANSWEWSRELAAEAADRWGTRLPSGLHEEIAGALSPTE
